year,state_abbreviation,total_unemployed,total_labor_force,unemployment_rate,state_name
2011.0,AK,28288.0,364605.0,0.07758533207169402,Alaska
2011.0,AL,210959.0,2202341.0,0.09578852684484374,Alabama
2011.0,AR,107391.0,1357823.0,0.07909057366092635,Arkansas
2011.0,AZ,288178.0,3051938.0,0.09442459184950677,Arizona
2011.0,CA,2186155.0,18406759.0,0.11876914344344923,California
2011.0,CO,236791.0,2730263.0,0.08672827489512915,Colorado
2011.0,CT,172478.0,1914443.0,0.09009304534008064,Connecticut
2011.0,DE,33742.0,443971.0,0.07600045948947116,Delaware
2011.0,FL,926236.0,9260358.0,0.10002161903459887,Florida
2011.0,GA,480453.0,4739290.0,0.10137657750422531,Georgia
2011.0,HI,45165.0,660635.0,0.06836604176284938,Hawaii
2011.0,IA,94293.0,1670062.0,0.05646077810284888,Iowa
2011.0,ID,62547.0,764208.0,0.08184551849758182,Idaho
2011.0,IL,641751.0,6567539.0,0.09771559788225087,Illinois
2011.0,IN,284619.0,3189020.0,0.08924967544888399,Indiana
2011.0,KS,95809.0,1498010.0,0.06395751697251688,Kansas
2011.0,KY,193336.0,2061506.0,0.09378386480563239,Kentucky
2011.0,LA,154486.0,2080522.0,0.07425348061688365,Louisiana
2011.0,MA,251679.0,3484135.0,0.07223571991326398,Massachusetts
2011.0,MD,226443.0,3097300.0,0.07310980531430601,Maryland
2011.0,ME,54014.0,698983.0,0.07727512686288508,Maine
2011.0,MI,467196.0,4668985.0,0.10006371834563615,Michigan
2011.0,MN,192132.0,2952538.0,0.065073506251232,Minnesota
2011.0,MO,262306.0,3032972.0,0.08648480764082227,Missouri
2011.0,MS,131359.0,1345999.0,0.09759219731961168,Mississippi
2011.0,MT,33279.0,501064.0,0.06641666533616464,Montana
2011.0,NC,477804.0,4657881.0,0.10257969235366897,North Carolina
2011.0,ND,12953.0,387392.0,0.033436415826862714,North Dakota
2011.0,NE,44309.0,1003641.0,0.04414825619917879,Nebraska
2011.0,NH,40191.0,736785.0,0.054549156131028724,New Hampshire
2011.0,NJ,427082.0,4561794.0,0.09362150066399316,New Jersey
2011.0,NM,66942.0,925108.0,0.07236128106123825,New Mexico
2011.0,NV,181137.0,1360791.0,0.13311155056140142,Nevada
2011.0,NY,796096.0,9537761.0,0.08346780759132044,New York
2011.0,OH,509754.0,5773487.0,0.08829222270700532,Ohio
2011.0,OK,98824.0,1767063.0,0.05592556688697573,Oklahoma
2011.0,OR,191675.0,1995934.0,0.0960327345493388,Oregon
2011.0,PA,495003.0,6381751.0,0.07756538918550723,Pennsylvania
2011.0,PR,194686.0,1220246.0,0.159546517669388,Unknown
2011.0,RI,61954.0,562064.0,0.11022588175012098,Rhode Island
2011.0,SC,227683.0,2185175.0,0.10419440090610592,South Carolina
2011.0,SD,20498.0,445868.0,0.045973247687656434,South Dakota
2011.0,TN,284220.0,3117500.0,0.0911692060946271,Tennessee
2011.0,TX,1000734.0,12499615.0,0.08006118588452524,Texas
2011.0,UT,94633.0,1341433.0,0.07054619947474082,Utah
2011.0,VA,276181.0,4205194.0,0.06567616143274246,Virginia
2011.0,VT,19895.0,357674.0,0.05562327706235287,Vermont
2011.0,WA,293412.0,3437874.0,0.08534693243556919,Washington
2011.0,WI,232172.0,3072157.0,0.07557296062668672,Wisconsin
2011.0,WV,63226.0,806575.0,0.07838824659827047,West Virginia
2011.0,WY,18659.0,302933.0,0.061594477986881585,Wyoming
2011.0,ia,35821.0,352193.0,0.1017084382710616,Unknown
2012.0,AK,26319.0,364155.0,0.07227416896651151,Alaska
2012.0,AL,177665.0,2178519.0,0.08155311016337245,Alabama
2012.0,AR,98009.0,1349888.0,0.07260528280864782,Arkansas
2012.0,AZ,254710.0,3054344.0,0.08339270232822497,Arizona
2012.0,CA,1943845.0,18484890.0,0.10515859169299899,California
2012.0,CO,219412.0,2749201.0,0.07980937006788517,Colorado
2012.0,CT,157859.0,1887549.0,0.0836317361827428,Connecticut
2012.0,DE,31473.0,445963.0,0.07057311929465,Delaware
2012.0,FL,806671.0,9335736.0,0.0864067921372241,Florida
2012.0,GA,431255.0,4770634.0,0.09039783810705244,Georgia
2012.0,HI,38431.0,650415.0,0.059086890677490525,Hawaii
2012.0,IA,83949.0,1660190.0,0.0505658990838398,Iowa
2012.0,ID,57147.0,772115.0,0.07401358605907152,Idaho
2012.0,IL,594247.0,6583705.0,0.09026027138214729,Illinois
2012.0,IN,260634.0,3172561.0,0.08215255750795651,Indiana
2012.0,KS,85173.0,1490816.0,0.057131798961105866,Kansas
2012.0,KY,168982.0,2060098.0,0.08202619487034112,Kentucky
2012.0,LA,141016.0,2089647.0,0.06748316820975025,Louisiana
2012.0,MA,235202.0,3506458.0,0.06707680514068613,Massachusetts
2012.0,MD,214431.0,3120949.0,0.06870698624040315,Maryland
2012.0,ME,50418.0,700737.0,0.07194996125507858,Maine
2012.0,MI,423502.0,4685472.0,0.09038619801804386,Michigan
2012.0,MN,166593.0,2949777.0,0.056476472628269866,Minnesota
2012.0,MO,215326.0,3004354.0,0.07167131436575051,Missouri
2012.0,MS,117212.0,1330461.0,0.08809878681148865,Mississippi
2012.0,MT,29385.0,506446.0,0.05802198062577254,Montana
2012.0,NC,448820.0,4720207.0,0.09508481301773418,North Carolina
2012.0,ND,11602.0,395496.0,0.029335315654267047,North Dakota
2012.0,NE,39362.0,1012810.0,0.03886415023548346,Nebraska
2012.0,NH,40350.0,740798.0,0.054468289601213825,New Hampshire
2012.0,NJ,429064.0,4576286.0,0.09375812613110282,New Jersey
2012.0,NM,64826.0,928762.0,0.06979829062773886,New Mexico
2012.0,NV,158475.0,1366207.0,0.11599633144904103,Nevada
2012.0,NY,827517.0,9602605.0,0.08617630320105846,New York
2012.0,OH,422085.0,5712478.0,0.07388824954774442,Ohio
2012.0,OK,91275.0,1794904.0,0.050852301850126805,Oklahoma
2012.0,OR,173417.0,1964668.0,0.08826783965535144,Oregon
2012.0,PA,493621.0,6449032.0,0.07654187481159963,Pennsylvania
2012.0,PR,172896.0,1194288.0,0.144769100920381,Unknown
2012.0,RI,57306.0,560204.0,0.10229487829433563,Rhode Island
2012.0,SC,197249.0,2190206.0,0.0900595651733216,South Carolina
2012.0,SD,18120.0,447072.0,0.04053038436761864,South Dakota
2012.0,TN,246594.0,3096321.0,0.0796409674578314,Tennessee
2012.0,TX,844496.0,12639479.0,0.06681414637422951,Texas
2012.0,UT,64408.0,1348559.0,0.04776060965816104,Utah
2012.0,VA,250388.0,4217540.0,0.05936825732536028,Virginia
2012.0,VT,17045.0,353945.0,0.04815719956490415,Vermont
2012.0,WA,265442.0,3468738.0,0.076524084551788,Washington
2012.0,WI,212887.0,3070043.0,0.06934332841592121,Wisconsin
2012.0,WV,58437.0,808029.0,0.07232042414319288,West Virginia
2012.0,WY,16640.0,303750.0,0.05478189300411523,Wyoming
2012.0,ia,32764.0,365176.0,0.08972112077464017,Unknown
2013.0,AK,25438.0,363543.0,0.06997246543049929,Alaska
2013.0,AL,159274.0,2172103.0,0.07332709360467712,Alabama
2013.0,AR,94001.0,1331610.0,0.07059199014726535,Arkansas
2013.0,AZ,239213.0,3064554.0,0.07805801431464415,Arizona
2013.0,CA,1677545.0,18565415.0,0.09035860496520008,California
2013.0,CO,186576.0,2766149.0,0.06744972884685532,Colorado
2013.0,CT,148542.0,1867375.0,0.07954588660552915,Connecticut
2013.0,DE,29335.0,443550.0,0.06613685041145305,Delaware
2013.0,FL,708608.0,9414672.0,0.07526635022441568,Florida
2013.0,GA,386762.0,4750063.0,0.08142249902790763,Georgia
2013.0,HI,30973.0,650979.0,0.04757910777459795,Hawaii
2013.0,IA,79432.0,1676575.0,0.04737754052159909,Iowa
2013.0,ID,53061.0,777608.0,0.06823618069772945,Idaho
2013.0,IL,595396.0,6556593.0,0.09080874777494959,Illinois
2013.0,IN,240013.0,3193688.0,0.07515230041256378,Indiana
2013.0,KS,78932.0,1489405.0,0.052995659340474885,Kansas
2013.0,KY,163127.0,2055911.0,0.079345360767076,Kentucky
2013.0,LA,135223.0,2101977.0,0.06433134139907334,Louisiana
2013.0,MA,233546.0,3516692.0,0.06641070642524281,Massachusetts
2013.0,MD,204281.0,3128911.0,0.06528821049879655,Maryland
2013.0,ME,47184.0,704247.0,0.06699922044396356,Maine
2013.0,MI,413515.0,4736928.0,0.08729602814313411,Michigan
2013.0,MN,149275.0,2961728.0,0.050401319770080166,Minnesota
2013.0,MO,204082.0,3011199.0,0.06777433175289976,Missouri
2013.0,MS,108229.0,1273061.0,0.08501477933893191,Mississippi
2013.0,MT,27402.0,511203.0,0.053602971813545695,Montana
2013.0,NC,365013.0,4701398.0,0.07763924687933249,North Carolina
2013.0,ND,11589.0,401512.0,0.028863396361752575,North Dakota
2013.0,NE,37369.0,1014835.0,0.03682273473027635,Nebraska
2013.0,NH,39014.0,743036.0,0.05250620427543214,New Hampshire
2013.0,NJ,380360.0,4528022.0,0.0840013586506426,New Jersey
2013.0,NM,64202.0,929411.0,0.06907815810228199,New Mexico
2013.0,NV,136705.0,1370727.0,0.09973174818909965,Nevada
2013.0,NY,752161.0,9632958.0,0.0780820387673236,New York
2013.0,OH,425324.0,5706790.0,0.07452946402443406,Ohio
2013.0,OK,92306.0,1799527.0,0.05129459018953314,Oklahoma
2013.0,OR,149554.0,1924696.0,0.07770266057600785,Oregon
2013.0,PA,457706.0,6419841.0,0.07129553520094968,Pennsylvania
2013.0,PR,166791.0,1166326.0,0.14300547188350426,Unknown
2013.0,RI,52971.0,558748.0,0.09480302390344127,Rhode Island
2013.0,SC,163473.0,2197880.0,0.07437758203359601,South Carolina
2013.0,SD,16643.0,447478.0,0.037192889929784256,South Dakota
2013.0,TN,238767.0,3078901.0,0.07754942429132992,Tennessee
2013.0,TX,809782.0,12832057.0,0.06310617229957753,Texas
2013.0,UT,58349.0,1385911.0,0.04210154908937154,Utah
2013.0,VA,236327.0,4238394.0,0.05575861989234602,Virginia
2013.0,VT,15493.0,350177.0,0.04424333979673137,Vermont
2013.0,WA,229828.0,3460776.0,0.06640938332905684,Washington
2013.0,WI,205819.0,3077806.0,0.06687198608359331,Wisconsin
2013.0,WV,53632.0,799484.0,0.06708326870831686,West Virginia
2013.0,WY,14409.0,302203.0,0.047679870815312886,Wyoming
2013.0,ia,31590.0,374199.0,0.08442032180738057,Unknown
2014.0,AK,24580.0,364286.0,0.06747445688277892,Alaska
2014.0,AL,146014.0,2164721.0,0.067451648503433,Alabama
2014.0,AR,78197.0,1327962.0,0.058884968093966546,Arkansas
2014.0,AZ,212250.0,3118444.0,0.06806279028900311,Arizona
2014.0,CA,1412177.0,18676701.0,0.07561169394958991,California
2014.0,CO,139596.0,2800673.0,0.049843733988223546,Colorado
2014.0,CT,124983.0,1889102.0,0.06616000618283184,Connecticut
2014.0,DE,25312.0,452712.0,0.05591192634610967,Delaware
2014.0,FL,614971.0,9546411.0,0.06441907854166345,Florida
2014.0,GA,338800.0,4745870.0,0.07138838611255681,Georgia
2014.0,HI,28102.0,664015.0,0.04232133310241486,Hawaii
2014.0,IA,72046.0,1698722.0,0.04241188375731874,Iowa
2014.0,ID,34137.0,776944.0,0.04393752960316316,Idaho
2014.0,IL,467321.0,6516388.0,0.07171472907997498,Illinois
2014.0,IN,191841.0,3228528.0,0.05942057804671355,Indiana
2014.0,KS,67315.0,1494207.0,0.045050652285794406,Kansas
2014.0,KY,128970.0,2006530.0,0.06427514166247203,Kentucky
2014.0,LA,133853.0,2141526.0,0.06250356054514397,Louisiana
2014.0,MA,204708.0,3569561.0,0.057348228535665874,Massachusetts
2014.0,MD,179107.0,3125018.0,0.057313909871879135,Maryland
2014.0,ME,39030.0,698038.0,0.05591386142301708,Maine
2014.0,MI,343707.0,4759728.0,0.07221147931142284,Michigan
2014.0,MN,127316.0,2979803.0,0.042726314457700726,Minnesota
2014.0,MO,187031.0,3035603.0,0.061612470405385686,Missouri
2014.0,MS,94661.0,1243941.0,0.07609766058036514,Mississippi
2014.0,MT,23880.0,512621.0,0.0465841235532684,Montana
2014.0,NC,287644.0,4698291.0,0.06122311282975022,North Carolina
2014.0,ND,10723.0,409509.0,0.02618501669071986,North Dakota
2014.0,NE,33003.0,1012734.0,0.03258802410109664,Nebraska
2014.0,NH,32020.0,743761.0,0.04305146411279968,New Hampshire
2014.0,NJ,302577.0,4493896.0,0.0673306636379658,New Jersey
2014.0,NM,61384.0,931955.0,0.06586584116185867,New Mexico
2014.0,NV,112659.0,1380085.0,0.08163192846817406,Nevada
2014.0,NY,598240.0,9523570.0,0.06281677984201303,New York
2014.0,OH,331392.0,5713183.0,0.05800479347502084,Ohio
2014.0,OK,77952.0,1797781.0,0.043360120059117324,Oklahoma
2014.0,OR,129925.0,1950129.0,0.06662379770774139,Oregon
2014.0,PA,378990.0,6389071.0,0.059318483078369295,Pennsylvania
2014.0,PR,157233.0,1132102.0,0.13888589544051685,Unknown
2014.0,RI,43229.0,556635.0,0.07766130408616059,Rhode Island
2014.0,SC,139489.0,2222436.0,0.06276401210203579,South Carolina
2014.0,SD,15037.0,450773.0,0.03335825348900666,South Dakota
2014.0,TN,201038.0,3043581.0,0.06605311309276803,Tennessee
2014.0,TX,673135.0,13006225.0,0.051754832781994775,Texas
2014.0,UT,51427.0,1415781.0,0.036324120750313785,Utah
2014.0,VA,217949.0,4258861.0,0.051175419906871814,Virginia
2014.0,VT,13953.0,348693.0,0.040015142259810205,Vermont
2014.0,WA,207253.0,3495159.0,0.05929715929947679,Washington
2014.0,WI,164220.0,3077992.0,0.0533529651798965,Wisconsin
2014.0,WV,51778.0,795730.0,0.06506981011146998,West Virginia
2014.0,WY,13172.0,302865.0,0.04349132451752431,Wyoming
2014.0,ia,29263.0,379678.0,0.07707320413613641,Unknown
2015.0,AK,22819.0,362423.0,0.06296233958661564,Alaska
2015.0,AL,131853.0,2152304.0,0.06126132739612992,Alabama
2015.0,AR,66517.0,1339309.0,0.049665163155029945,Arkansas
2015.0,AZ,193901.0,3184449.0,0.06088996871986331,Arizona
2015.0,CA,1176734.0,18824146.0,0.06251194609306579,California
2015.0,CO,105765.0,2825761.0,0.037428855448143,Colorado
2015.0,CT,106299.0,1892088.0,0.05618079074546216,Connecticut
2015.0,DE,22196.0,462751.0,0.047965320442311304,Delaware
2015.0,FL,532965.0,9639739.0,0.05528832264027066,Florida
2015.0,GA,287578.0,4734097.0,0.06074611483457141,Georgia
2015.0,HI,22979.0,670595.0,0.034266584152879156,Hawaii
2015.0,IA,63084.0,1700558.0,0.037096059058262056,Iowa
2015.0,ID,30898.0,795024.0,0.03886423554509046,Idaho
2015.0,IL,391867.0,6511808.0,0.060177910650928285,Illinois
2015.0,IN,156610.0,3266401.0,0.04794573599506001,Indiana
2015.0,KS,62254.0,1493787.0,0.041675285700036216,Kansas
2015.0,KY,103638.0,1979654.0,0.05235157254752598,Kentucky
2015.0,LA,134978.0,2150066.0,0.06277853796116026,Louisiana
2015.0,MA,172114.0,3589408.0,0.04795052554627392,Massachusetts
2015.0,MD,156907.0,3139990.0,0.049970541307456394,Maryland
2015.0,ME,30305.0,687852.0,0.04405744258939423,Maine
2015.0,MI,258391.0,4760214.0,0.05428138314790049,Michigan
2015.0,MN,113742.0,3005417.0,0.03784566334721604,Minnesota
2015.0,MO,156399.0,3057872.0,0.05114635275773479,Missouri
2015.0,MS,81997.0,1260020.0,0.06507595117537816,Mississippi
2015.0,MT,22176.0,517904.0,0.04281874633136643,Montana
2015.0,NC,269942.0,4763826.0,0.05666495795606305,North Carolina
2015.0,ND,11471.0,410768.0,0.027925739103338138,North Dakota
2015.0,NE,30344.0,1011670.0,0.029993970365830756,Nebraska
2015.0,NH,25485.0,746316.0,0.03414773366777612,New Hampshire
2015.0,NJ,256731.0,4494610.0,0.057119750100676145,New Jersey
2015.0,NM,62095.0,938301.0,0.0661781240774549,New Mexico
2015.0,NV,95667.0,1396760.0,0.06849208167473296,Nevada
2015.0,NY,500532.0,9536524.0,0.05248579042007339,New York
2015.0,OH,282930.0,5710784.0,0.04954311001781892,Ohio
2015.0,OK,78550.0,1829054.0,0.04294569761198959,Oklahoma
2015.0,OR,108192.0,1979479.0,0.054656806159600585,Oregon
2015.0,PA,346753.0,6423161.0,0.05398479035478015,Pennsylvania
2015.0,PR,134143.0,1120019.0,0.11976850392716552,Unknown
2015.0,RI,33505.0,555273.0,0.06033968876570624,Rhode Island
2015.0,SC,133751.0,2267838.0,0.05897731672191753,South Carolina
2015.0,SD,13800.0,453095.0,0.030457188889747182,South Dakota
2015.0,TN,171532.0,3074219.0,0.05579693574205351,Tennessee
2015.0,TX,587519.0,13090995.0,0.04487962908854522,Texas
2015.0,UT,51512.0,1453456.0,0.03544104534296188,Utah
2015.0,VA,185901.0,4233978.0,0.04390693574695003,Virginia
2015.0,VT,12251.0,346515.0,0.035354890841666306,Vermont
2015.0,WA,193578.0,3554830.0,0.05445492470807324,Washington
2015.0,WI,137157.0,3084210.0,0.04447070724756096,Wisconsin
2015.0,WV,52078.0,791534.0,0.065793762491567,West Virginia
2015.0,WY,12716.0,301612.0,0.04216012625492355,Wyoming
2015.0,ia,26890.0,388446.0,0.06922455116026423,Unknown
2016.0,AK,23823.0,362020.0,0.06580575658803381,Alaska
2016.0,AL,126572.0,2155731.0,0.058714190221321676,Alabama
2016.0,AR,53463.0,1343902.0,0.03978191862204238,Arkansas
2016.0,AZ,177617.0,3253471.0,0.05459307920679176,Arizona
2016.0,CA,1046612.0,19012023.0,0.055050007040281825,California
2016.0,CO,90657.0,2894163.0,0.031324082299442016,Colorado
2016.0,CT,91809.0,1893198.0,0.048494135320235915,Connecticut
2016.0,DE,21168.0,468808.0,0.04515281309192676,Delaware
2016.0,FL,481070.0,9841314.0,0.048882700013433165,Florida
2016.0,GA,268075.0,4921819.0,0.054466651455488305,Georgia
2016.0,HI,19563.0,679121.0,0.02880635409595639,Hawaii
2016.0,IA,61013.0,1703168.0,0.035823242334285285,Iowa
2016.0,ID,29742.0,812922.0,0.036586535977621466,Idaho
2016.0,IL,386373.0,6559053.0,0.0589068269459021,Illinois
2016.0,IN,145405.0,3331831.0,0.04364116907490206,Indiana
2016.0,KS,60050.0,1491974.0,0.04024869066082921,Kansas
2016.0,KY,101165.0,2015646.0,0.05018986468854154,Kentucky
2016.0,LA,129056.0,2123693.0,0.060769612180291595,Louisiana
2016.0,MA,145172.0,3617500.0,0.04013047684865238,Massachusetts
2016.0,MD,135092.0,3155924.0,0.042805847035606685,Maryland
2016.0,ME,26196.0,693921.0,0.03775069496383594,Maine
2016.0,MI,241692.0,4848646.0,0.049847318199761334,Michigan
2016.0,MN,116772.0,3023123.0,0.03862628149764333,Minnesota
2016.0,MO,139452.0,3072912.0,0.045381058748184135,Missouri
2016.0,MS,75596.0,1271842.0,0.05943820065699985,Mississippi
2016.0,MT,22473.0,521742.0,0.04307301309842796,Montana
2016.0,NC,246393.0,4844854.0,0.05085664088123192,North Carolina
2016.0,ND,12781.0,411783.0,0.031038192446021327,North Dakota
2016.0,NE,31107.0,1016074.0,0.030614896159138014,Nebraska
2016.0,NH,21476.0,752476.0,0.028540445143765383,New Hampshire
2016.0,NJ,221622.0,4492822.0,0.04932801700134125,New Jersey
2016.0,NM,63729.0,944245.0,0.0674920174319165,New Mexico
2016.0,NV,81842.0,1414233.0,0.05787023778967115,Nevada
2016.0,NY,464161.0,9527028.0,0.04872044041436637,New York
2016.0,OH,290385.0,5754487.0,0.050462360936778555,Ohio
2016.0,OK,84838.0,1828066.0,0.04640860887954811,Oklahoma
2016.0,OR,96700.0,2042936.0,0.04733383718334789,Oregon
2016.0,PA,344248.0,6458894.0,0.053298289149814194,Pennsylvania
2016.0,PR,131420.0,1116302.0,0.11772799833736748,Unknown
2016.0,RI,28793.0,553234.0,0.05204488516613223,Rhode Island
2016.0,SC,111756.0,2286059.0,0.04888587739861482,South Carolina
2016.0,SD,13714.0,455136.0,0.030131652956478943,South Dakota
2016.0,TN,148724.0,3136405.0,0.0474186210007955,Tennessee
2016.0,TX,617952.0,13346855.0,0.0462994465737434,Texas
2016.0,UT,50156.0,1500136.0,0.0334343019566226,Utah
2016.0,VA,169528.0,4254361.0,0.039848052386715654,Virginia
2016.0,VT,10810.0,345853.0,0.031256053872599054,Vermont
2016.0,WA,189034.0,3648563.0,0.05181053472284842,Washington
2016.0,WI,121725.0,3110468.0,0.03913398241036397,Wisconsin
2016.0,WV,47903.0,785110.0,0.061014380150552154,West Virginia
2016.0,WY,16109.0,300547.0,0.05359893793649579,Wyoming
2016.0,ia,24571.0,395124.0,0.06218554175398103,Unknown
2017.0,AK,23484.0,360591.0,0.06512641746466218,Alaska
2017.0,AL,99590.0,2203466.0,0.04519697603684377,Alabama
2017.0,AR,50235.0,1348098.0,0.037263611399171274,Arkansas
2017.0,AZ,160411.0,3240111.0,0.049507871798219256,Arizona
2017.0,CA,927302.0,19185368.0,0.0483338135604175,California
2017.0,CO,77814.0,2963796.0,0.02625484345076382,Colorado
2017.0,CT,84878.0,1923713.0,0.04412196621845359,Connecticut
2017.0,DE,21264.0,475213.0,0.04474625062866546,Delaware
2017.0,FL,428098.0,9972992.0,0.0429257338219062,Florida
2017.0,GA,243082.0,5107907.0,0.047589355092017144,Georgia
2017.0,HI,15438.0,695303.0,0.022203269653661786,Hawaii
2017.0,IA,51847.0,1697510.0,0.030542971764525688,Iowa
2017.0,ID,26903.0,839780.0,0.032035771273428756,Idaho
2017.0,IL,324366.0,6562302.0,0.04942869133422997,Illinois
2017.0,IN,116652.0,3333704.0,0.03499170892196788,Indiana
2017.0,KS,53833.0,1488351.0,0.03616955946547555,Kansas
2017.0,KY,98171.0,2053412.0,0.04780872031526065,Kentucky
2017.0,LA,108003.0,2108497.0,0.05122274302500786,Louisiana
2017.0,MA,142130.0,3724521.0,0.038160611794107215,Massachusetts
2017.0,MD,129317.0,3243898.0,0.039864693649430405,Maryland
2017.0,ME,23708.0,703873.0,0.03368221255823139,Maine
2017.0,MI,225401.0,4911256.0,0.04589477722195707,Michigan
2017.0,MN,107179.0,3071011.0,0.03490023318053892,Minnesota
2017.0,MO,114226.0,3053541.0,0.0374077177938662,Missouri
2017.0,MS,66591.0,1272692.0,0.0523229500931883,Mississippi
2017.0,MT,21570.0,528443.0,0.04081802578518402,Montana
2017.0,NC,219695.0,4865908.0,0.045149846647326665,North Carolina
2017.0,ND,10862.0,415769.0,0.026125083880712607,North Dakota
2017.0,NE,30425.0,1023170.0,0.029736016497747198,Nebraska
2017.0,NH,21214.0,758133.0,0.027981897635375324,New Hampshire
2017.0,NJ,208804.0,4614956.0,0.04524506842535443,New Jersey
2017.0,NM,57592.0,948581.0,0.0607138452066824,New Mexico
2017.0,NV,72243.0,1444268.0,0.050020494811212325,Nevada
2017.0,NY,455421.0,9838172.0,0.04629122158059444,New York
2017.0,OH,289503.0,5818986.0,0.04975145154155724,Ohio
2017.0,OK,73541.0,1826279.0,0.040268217506744586,Oklahoma
2017.0,OR,84181.0,2075687.0,0.04055572925975834,Oregon
2017.0,PA,323342.0,6485260.0,0.04985798564745284,Pennsylvania
2017.0,PR,118942.0,1096546.0,0.1084696857222588,Unknown
2017.0,RI,25594.0,568146.0,0.045048279843561335,Rhode Island
2017.0,SC,95064.0,2261769.0,0.042030817470749667,South Carolina
2017.0,SD,13889.0,455339.0,0.03050254865056584,South Dakota
2017.0,TN,119522.0,3197036.0,0.03738525309067524,Tennessee
2017.0,TX,585981.0,13474010.0,0.04348972577577128,Texas
2017.0,UT,48939.0,1554351.0,0.03148516647784188,Utah
2017.0,VA,159691.0,4352985.0,0.03668540093751759,Virginia
2017.0,VT,10683.0,355381.0,0.030060695422659062,Vermont
2017.0,WA,172932.0,3727690.0,0.046391196692858044,Washington
2017.0,WI,102407.0,3141758.0,0.03259544497061836,Wisconsin
2017.0,WV,40954.0,784740.0,0.05218798582970156,West Virginia
2017.0,WY,12641.0,293805.0,0.04302513571926958,Wyoming
2017.0,ia,23938.0,393326.0,0.060860456720379534,Unknown
2018.0,AK,21429.0,355498.0,0.06027882013400919,Alaska
2018.0,AL,87843.0,2240111.0,0.03921368182201686,Alabama
2018.0,AR,49055.0,1343869.0,0.03650281389034199,Arkansas
2018.0,AZ,159708.0,3325720.0,0.048022082436284474,Arizona
2018.0,CA,819597.0,19289508.0,0.042489264111868486,California
2018.0,CO,92924.0,3054351.0,0.03042348439979557,Colorado
2018.0,CT,74503.0,1923874.0,0.038725509051008536,Connecticut
2018.0,DE,17825.0,480370.0,0.03710681349792868,Delaware
2018.0,FL,368713.0,10118319.0,0.036440143861841086,Florida
2018.0,GA,204445.0,5126943.0,0.03987658922675754,Georgia
2018.0,HI,16609.0,692457.0,0.02398560488232482,Hawaii
2018.0,IA,44000.0,1711823.0,0.02570359201856734,Iowa
2018.0,ID,24667.0,862436.0,0.02860154260721955,Idaho
2018.0,IL,286582.0,6557425.0,0.0437034354186285,Illinois
2018.0,IN,115780.0,3392587.0,0.03412734883438509,Indiana
2018.0,KS,50163.0,1493375.0,0.03359035741190257,Kansas
2018.0,KY,86694.0,2052885.0,0.04223032464068859,Kentucky
2018.0,LA,101762.0,2109745.0,0.048234265278505224,Louisiana
2018.0,MA,132571.0,3818770.0,0.034715628330588125,Massachusetts
2018.0,MD,124151.0,3270636.0,0.03795928376010048,Maryland
2018.0,ME,22269.0,700855.0,0.031774047413516346,Maine
2018.0,MI,205720.0,4944803.0,0.04160327519620094,Michigan
2018.0,MN,92433.0,3075098.0,0.03005855423144238,Minnesota
2018.0,MO,98479.0,3048444.0,0.032304677402635575,Missouri
2018.0,MS,62702.0,1268048.0,0.04944765497836044,Mississippi
2018.0,MT,19930.0,535147.0,0.03724210357154203,Montana
2018.0,NC,196274.0,4911891.0,0.039958948600447367,North Carolina
2018.0,ND,9866.0,412073.0,0.023942359727524006,North Dakota
2018.0,NE,30130.0,1036414.0,0.02907139424978821,Nebraska
2018.0,NH,20184.0,770468.0,0.026197064641231043,New Hampshire
2018.0,NJ,184076.0,4604791.0,0.03997488702527433,New Jersey
2018.0,NM,46575.0,944937.0,0.049289000219062226,New Mexico
2018.0,NV,65410.0,1494697.0,0.04376137772404708,Nevada
2018.0,NY,401920.0,9826134.0,0.04090316700342169,New York
2018.0,OH,261864.0,5819990.0,0.04499389174208203,Ohio
2018.0,OK,60011.0,1831262.0,0.03277029720487838,Oklahoma
2018.0,OR,83560.0,2080050.0,0.04017211124732579,Oregon
2018.0,PA,287772.0,6509778.0,0.044206115784593575,Pennsylvania
2018.0,PR,99530.0,1081703.0,0.09201231761398461,Unknown
2018.0,RI,23134.0,572664.0,0.040397161337189,Rhode Island
2018.0,SC,76669.0,2282028.0,0.033596870853468935,South Carolina
2018.0,SD,12789.0,459206.0,0.027850245859156894,South Dakota
2018.0,TN,113262.0,3257057.0,0.034774337691971614,Tennessee
2018.0,TX,535347.0,13714148.0,0.03903611073761199,Texas
2018.0,UT,46199.0,1584500.0,0.02915683180814137,Utah
2018.0,VA,130787.0,4359065.0,0.030003452575265568,Virginia
2018.0,VT,8791.0,355347.0,0.0247391985861707,Vermont
2018.0,WA,168546.0,3814540.0,0.04418514421135969,Washington
2018.0,WI,93242.0,3123896.0,0.029847984696033416,Wisconsin
2018.0,WV,40813.0,793418.0,0.05143946822481971,West Virginia
2018.0,WY,11878.0,292632.0,0.04059022936657645,Wyoming
2018.0,ia,22402.0,395604.0,0.05662733440511218,Unknown
2019.0,AK,19832.0,352030.0,0.05633610771809221,Alaska
2019.0,AL,72458.0,2271839.0,0.03189398544527143,Alabama
2019.0,AR,47316.0,1353176.0,0.03496662666201588,Arkansas
2019.0,AZ,164853.0,3432399.0,0.048028507175302174,Arizona
2019.0,CA,795715.0,19385265.0,0.041047414105507454,California
2019.0,CO,82629.0,3104692.0,0.02661423419778838,Colorado
2019.0,CT,69513.0,1931825.0,0.03598307300091882,Connecticut
2019.0,DE,17334.0,485873.0,0.03567598940463866,Delaware
2019.0,FL,333363.0,10256306.0,0.03250322289526073,Florida
2019.0,GA,184928.0,5165439.0,0.035801022914025316,Georgia
2019.0,HI,17297.0,686067.0,0.025211823335038706,Hawaii
2019.0,IA,46613.0,1742090.0,0.026756941375015067,Iowa
2019.0,ID,25671.0,888612.0,0.028888873884214933,Idaho
2019.0,IL,260230.0,6543692.0,0.0397680697685649,Illinois
2019.0,IN,112409.0,3399879.0,0.03306264722950435,Indiana
2019.0,KS,47754.0,1504424.0,0.031742381137232586,Kansas
2019.0,KY,84840.0,2064652.0,0.04109167065442505,Kentucky
2019.0,LA,97639.0,2101756.0,0.04645591591031499,Louisiana
2019.0,MA,116709.0,3848610.0,0.030324974471302626,Massachusetts
2019.0,MD,112655.0,3338484.0,0.03374435821768204,Maryland
2019.0,ME,20250.0,698262.0,0.029000575715132714,Maine
2019.0,MI,202561.0,4979527.0,0.04067876326406102,Michigan
2019.0,MN,102004.0,3111680.0,0.032781005758946935,Minnesota
2019.0,MO,99866.0,3073532.0,0.03249225971943679,Missouri
2019.0,MS,70423.0,1278966.0,0.0550624488844895,Mississippi
2019.0,MT,19045.0,543914.0,0.03501472659280695,Montana
2019.0,NC,193225.0,5000826.0,0.03863861690048804,North Carolina
2019.0,ND,8974.0,414126.0,0.02166973336617358,North Dakota
2019.0,NE,32643.0,1050394.0,0.031076910187986605,Nebraska
2019.0,NH,20006.0,778470.0,0.025699127776279113,New Hampshire
2019.0,NJ,162347.0,4687391.0,0.034634832041961085,New Jersey
2019.0,NM,47403.0,955802.0,0.04959499980121406,New Mexico
2019.0,NV,64073.0,1545119.0,0.041468003435334105,Nevada
2019.0,NY,380461.0,9850905.0,0.03862193372081042,New York
2019.0,OH,244466.0,5879406.0,0.041580050773836676,Ohio
2019.0,OK,57928.0,1843328.0,0.0314257690438164,Oklahoma
2019.0,OR,77624.0,2091461.0,0.03711472506539687,Oregon
2019.0,PA,284775.0,6576461.0,0.04330216510065216,Pennsylvania
2019.0,PR,90494.0,1090862.0,0.08295641428521665,Unknown
2019.0,RI,20222.0,574067.0,0.035225853428258375,Rhode Island
2019.0,SC,64648.0,2333534.0,0.027703903178612353,South Carolina
2019.0,SD,12936.0,464672.0,0.02783899180497211,South Dakota
2019.0,TN,111746.0,3339447.0,0.03346242656343999,Tennessee
2019.0,TX,492929.0,13927683.0,0.035392031826112065,Texas
2019.0,UT,41111.0,1619083.0,0.025391533355609317,Utah
2019.0,VA,122123.0,4419393.0,0.027633432917144957,Virginia
2019.0,VT,7375.0,353429.0,0.02086699167300929,Vermont
2019.0,WA,166887.0,3960893.0,0.04213368046044162,Washington
2019.0,WI,99837.0,3117744.0,0.0320221929703016,Wisconsin
2019.0,WV,39351.0,794878.0,0.04950571031026145,West Virginia
2019.0,WY,10932.0,294001.0,0.037183546994738116,Wyoming
2019.0,ia,22198.0,400641.0,0.055406211545997536,Unknown
2020.0,AK,28876.0,346555.0,0.08332299346424088,Alaska
2020.0,AL,144547.0,2263150.0,0.06386982745288647,Alabama
2020.0,AR,82610.0,1340559.0,0.061623546595114424,Arkansas
2020.0,AZ,271119.0,3471338.0,0.07810216118395846,Arizona
2020.0,CA,1921571.0,18958608.0,0.10135612277019494,California
2020.0,CO,208481.0,3082237.0,0.06763950987545733,Colorado
2020.0,CT,149438.0,1874253.0,0.07973203190817889,Connecticut
2020.0,DE,36377.0,486702.0,0.0747418338120657,Delaware
2020.0,FL,819300.0,10077042.0,0.08130362064582047,Florida
2020.0,GA,328771.0,5082878.0,0.06468205611073097,Georgia
2020.0,HI,77804.0,665962.0,0.1168294887696295,Hawaii
2020.0,IA,86206.0,1668412.0,0.05166949170828308,Iowa
2020.0,ID,49680.0,899810.0,0.055211655794000954,Idaho
2020.0,IL,585810.0,6321080.0,0.09267561872338272,Illinois
2020.0,IN,242502.0,3328788.0,0.07284993817569638,Indiana
2020.0,KS,87235.0,1501836.0,0.05808556992907348,Kansas
2020.0,KY,130354.0,2005220.0,0.06500733086643859,Kentucky
2020.0,LA,176800.0,2052042.0,0.08615808058509523,Louisiana
2020.0,MA,348243.0,3744257.0,0.09300723748396544,Massachusetts
2020.0,MD,208093.0,3230565.0,0.06441380996822538,Maryland
2020.0,ME,33993.0,671978.0,0.05058647753349068,Maine
2020.0,MI,485546.0,4861583.0,0.09987405336903638,Michigan
2020.0,MN,195375.0,3122025.0,0.06257957575611983,Minnesota
2020.0,MO,186170.0,3025793.0,0.06152767224988623,Missouri
2020.0,MS,99137.0,1244327.0,0.0796711796818682,Mississippi
2020.0,MT,31755.0,544500.0,0.05831955922865014,Montana
2020.0,NC,347609.0,4831166.0,0.07195136743386586,North Carolina
2020.0,ND,20214.0,409180.0,0.049401241507405054,North Dakota
2020.0,NE,44464.0,1045112.0,0.04254472247950459,Nebraska
2020.0,NH,50885.0,761423.0,0.06682881919773898,New Hampshire
2020.0,NJ,437407.0,4638388.0,0.09430151164585628,New Jersey
2020.0,NM,73397.0,931498.0,0.07879458678386857,New Mexico
2020.0,NV,203428.0,1505945.0,0.13508328657421087,Nevada
2020.0,NY,936410.0,9564417.0,0.09790560156463274,New York
2020.0,OH,469769.0,5736632.0,0.08188933855265598,Ohio
2020.0,OK,116045.0,1842833.0,0.0629709800074125,Oklahoma
2020.0,OR,159705.0,2107245.0,0.07578852957297325,Oregon
2020.0,PA,576537.0,6506486.0,0.08860958127013567,Pennsylvania
2020.0,RI,52456.0,570736.0,0.09190939418575313,Rhode Island
2020.0,SC,139395.0,2339147.0,0.05959223597319878,South Carolina
2020.0,SD,19401.0,464301.0,0.04178539352704388,South Dakota
2020.0,TN,245599.0,3299161.0,0.07444286592864065,Tennessee
2020.0,TX,1069433.0,13941511.0,0.07670854328487063,Texas
2020.0,UT,79452.0,1644199.0,0.048322617882628566,Utah
2020.0,VA,278957.0,4332349.0,0.06438931858906104,Virginia
2020.0,VT,19049.0,339759.0,0.056066211638249465,Vermont
2020.0,WA,331199.0,3891369.0,0.0851111780969628,Washington
2020.0,WI,199721.0,3100677.0,0.0644120622689819,Wisconsin
2020.0,WV,64095.0,777142.0,0.08247527478890601,West Virginia
2020.0,WY,17241.0,293608.0,0.058721152012206755,Wyoming
2020.0,ia,30541.0,386235.0,0.07907362098204461,Unknown
